{
    "timestamp": "2024-11-17T20:56:15.265455",
    "measurements": {
        "accelerometer": {
            "acc_0_x": -0.49436305980024287,
            "acc_0_y": -0.4539166604663261,
            "acc_0_z": -0.6477138683937786
        },
        "wind": {
            "speed": 4.9534455665431345,
            "direction": 174.17423597855412
        }
    },
    "analysis": {
        "frequencies": [
            0.004722222222222222,
            0.007638888888888889
        ],
        "damage_indicators": {
            "max_amplitude": 0.7560704220731209,
            "rms": 0.5102009764425786,
            "kurtosis": -0.767652279846117
        }
    },
    "decision": {
        "status": "normal",
        "severity_score": 0.0,
        "warnings": [],
        "recommended_actions": [
            "Продолжение штатного мониторинга"
        ]
    }
}