{
    "timestamp": "2024-11-17T20:56:13.475511",
    "measurements": {
        "accelerometer": {
            "acc_0_x": 0.24630923393313076,
            "acc_0_y": 0.2892593985554627,
            "acc_0_z": 0.22111909056077317
        },
        "wind": {
            "speed": 5.012101312279163,
            "direction": 180.12036847683976
        }
    },
    "analysis": {
        "frequencies": [
            0.004722222222222222,
            0.007638888888888889
        ],
        "damage_indicators": {
            "max_amplitude": 0.5640617056865,
            "rms": 0.35059582625214636,
            "kurtosis": -0.0013142879482184178
        }
    },
    "decision": {
        "status": "normal",
        "severity_score": 0.0,
        "warnings": [],
        "recommended_actions": [
            "Продолжение штатного мониторинга"
        ]
    }
}