{
    "timestamp": "2024-11-17T20:56:14.333960",
    "measurements": {
        "accelerometer": {
            "acc_0_x": -0.5132737585901184,
            "acc_0_y": -0.5297982673225572,
            "acc_0_z": -0.6379989207785226
        },
        "wind": {
            "speed": 5.017912993122774,
            "direction": 187.05887057132333
        }
    },
    "analysis": {
        "frequencies": [
            0.004722222222222222,
            0.007638888888888889
        ],
        "damage_indicators": {
            "max_amplitude": 1.2138794804971988,
            "rms": 1.314808674964499,
            "kurtosis": -0.09541681277526548
        }
    },
    "decision": {
        "status": "normal",
        "severity_score": 0.0,
        "warnings": [],
        "recommended_actions": [
            "Продолжение штатного мониторинга"
        ]
    }
}