{
    "timestamp": "2024-11-17T20:56:10.582254",
    "measurements": {
        "accelerometer": {
            "acc_0_x": -0.012107562678732225,
            "acc_0_y": -0.2764867476995375,
            "acc_0_z": -0.18784069841834325
        },
        "wind": {
            "speed": 4.973476052799692,
            "direction": 168.32733925013326
        }
    },
    "analysis": {
        "frequencies": [
            0.004722222222222222,
            0.007638888888888889
        ],
        "damage_indicators": {
            "max_amplitude": 0.6741538293709834,
            "rms": 0.49301123564733124,
            "kurtosis": -0.009566575479180717
        }
    },
    "decision": {
        "status": "normal",
        "severity_score": 0.0,
        "warnings": [],
        "recommended_actions": [
            "Продолжение штатного мониторинга"
        ]
    }
}